window_start,window_end,period,tau,mae,psi_mean,psi_max,tau_z,mae_z,psi_z,tau_warn,mae_warn,psi_warn,psi_over_cutoff,tau_seasonal
2025-11-08,2025-11-21,baseline,0.8549191476499923,11.693820707865493,1.3575165071666446,3.207299710400733,-0.3112576148367853,-0.5655501466697336,-1.0184775041954306,False,False,False,True,0.9145557480150195
2025-11-22,2025-12-05,baseline,0.9476871926622569,25.7672914663236,2.244688050634577,5.357856762687069,-1.4155304045132706,2.1352662195429746,0.039844525496940314,False,True,False,True,1.0
2025-12-06,2025-12-19,baseline,0.8549191476499923,13.681237545058588,1.6625386664857713,4.041754655593775,-0.3112576148367853,-0.18414828692224586,-0.6546113803002651,False,False,False,True,0.9145557480150195
2025-12-20,2026-01-02,baseline,0.8022068606925792,10.423943251910849,1.9240683999201926,6.2066805316783125,0.31620784658362555,-0.8092502171776158,-0.3426281112796148,False,False,False,True,0.8611480706085511
2026-01-03,2026-01-16,baseline,0.8287627439811208,19.05508864056856,2.019154667715795,6.2718534813394715,9.74950344032167e-05,0.847138539010205,-0.22919808450492074,False,False,False,True,0.9296915869380732
2026-01-17,2026-01-30,baseline,0.6505504469838761,11.45380749156585,3.3525004031586323,7.528148358268707,2.1214636436234366,-0.611610683819025,1.3613727305817969,True,False,False,True,0.7289499075807071
2026-01-31,2026-02-13,baseline,0.8663117145813231,12.143815928618872,3.617521684917868,7.207273270862884,-0.44687006269179225,-0.47919231228848796,1.6775211270088588,False,False,False,True,0.8535241394543194
2026-02-14,2026-02-27,baseline,0.8248102207600468,12.907405479017886,1.5123086670736887,3.631827970828176,0.047146711637161325,-0.3326531116760723,-0.8338233028073645,False,False,False,True,0.7291940340149499
2026-02-28,2026-03-13,test,0.9009290543218303,19.437057200636925,0.5601130799554073,2.4272967599522275,-0.858940688103536,0.920441490081556,-1.9697136205738108,False,False,False,True,0.9399892838006786
2026-03-14,2026-03-27,test,0.9888145706492388,21.346262632559096,0.6463490095182185,2.721068520624541,-1.905093857270732,1.286833929124968,-1.8668413128681687,False,False,False,True,0.7851687378663349
2026-03-28,2026-04-10,test,0.9399892838006786,20.42330986626832,0.5465298002002398,2.631700085779058,-1.3238976521778456,1.1097115988041901,-1.9859173461173225,False,False,False,True,0.8535241394543194
2026-04-11,2026-04-24,test,0.7739833085155738,16.74094714983567,0.5133270294597101,1.9520279221039667,0.6521694451379673,0.4030354944114167,-2.0255254962887874,False,False,False,True,0.8353890329105682
2026-04-25,2026-05-08,test,0.7127297668328346,23.863698996749868,0.6365724297035431,1.7458613623174335,1.3813065024363158,1.769950954768354,-1.878503961280528,False,False,False,True,0.9476871926622569
2026-05-09,2026-05-22,test,0.8299104552693792,17.522638523528094,0.7898053426707541,1.754487538766785,-0.013564389786611966,0.5530485858250588,-1.6957098120980425,False,False,False,True,0.8779367828785993
2026-05-23,2026-06-05,test,0.7615550536813949,21.4799720080153,1.2043502605418235,3.239843041075287,0.8001102973434293,1.3124938729828934,-1.2011921259637315,False,False,False,True,0.9719370851303751
2026-06-06,2026-06-19,test,0.7194575109037857,19.269192446541858,0.8471755236970088,2.97996154600839,1.3012221941761124,0.8882268443163843,-1.6272719469810135,False,False,False,True,0.9408030385814881
2026-06-20,2026-07-03,test,0.7793308399323209,26.617286941988812,1.3571091662439745,5.306510872745094,0.5885146226754134,2.2983874375626066,-1.0189634281131115,False,True,False,True,0.8816103044605387
2026-07-04,2026-07-17,test,0.7443393843575195,26.140333726840318,1.297997591154755,4.092942560154128,1.005038569658648,2.20685613931362,-1.0894786318381924,False,True,False,True,0.9737157205798583
2026-07-18,2026-07-31,test,0.8126947859455038,26.98772206110974,1.4189139056340656,3.46835187306093,0.19136388252860653,2.369477025164192,-0.9452355028685238,False,True,False,True,0.7741946733937062
2026-08-01,2026-08-14,test,0.809116378558724,29.414321065208565,1.841281761993316,4.265301453526951,0.23395977755987393,2.8351616041133294,-0.4413857003020206,False,True,False,True,0.9009290543218303
2026-08-15,2026-08-28,test,0.8114646423547737,41.37597975681997,1.711656211165486,3.2351151477450073,0.2060070076958841,5.130703628950283,-0.5960182255021025,False,True,False,True,0.802139223931577
2026-08-29,2026-09-11,test,0.8885007994876516,48.068691313296235,1.2730216211769534,2.787551576451153,-0.7109998358980765,6.415090772413706,-1.11927289139832,False,True,False,True,0.8230199602422664
2026-09-12,2026-09-25,test,0.8200904430313529,47.10001082618859,1.258306423478857,2.557747511351512,0.10332901146280418,6.229192911245459,-1.1368269011158747,False,True,False,True,0.7590588344706526
