window_start,window_end,period,tau,mae,psi_mean,psi_max,tau_z,mae_z,psi_z,tau_warn,mae_warn,psi_warn,psi_over_cutoff,tau_seasonal,tau_seasonal_z,tau_seasonal_warn
2025-11-08,2025-11-21,baseline,0.8931548883806446,11.633494571470695,1.5685265432728686,3.25660683212266,-0.5342854450521163,-0.5625143502210372,-1.054254887032416,False,False,False,True,0.9563260857614316,-0.693189265890025,False
2025-11-22,2025-12-05,baseline,0.9390124983311416,25.27338369848928,2.4557833168502063,5.357856762687069,-1.283262546009918,2.1148385997335994,-0.04391244147484,False,True,False,True,1.0,-1.1863933498396015,False
2025-12-06,2025-12-19,baseline,0.8560320612778614,13.94663991066536,1.9186042396990093,4.041754655593775,0.0720293509613413,-0.1084705937143194,-0.6556122770512369,False,False,False,True,0.923570650082505,-0.32328620292783916,False
2025-12-20,2026-01-02,baseline,0.8244041775706019,10.330669223112253,2.19690421469245,6.2066805316783125,0.5885970629303102,-0.8182439428314133,-0.3387048318707398,False,False,False,True,0.8739780696740732,0.2367566422686742,False
2026-01-03,2026-01-16,baseline,0.9262742733448924,18.91943636903303,2.2396850202446963,6.271853481339472,-1.0752133512994189,0.8676320082461131,-0.289989212005357,False,False,False,True,0.9889359417262292,-1.0614483152390408,False
2026-01-17,2026-01-30,baseline,0.7524190083767237,11.201673914961564,3.644678763193715,7.528148358268707,1.764306904611743,-0.6472757656394327,1.3099138335592433,False,False,False,True,0.8186908646038851,0.8611081758139388,False
2026-01-31,2026-02-13,baseline,0.8712848449626948,12.297948405014154,4.034884690822457,7.373788738059169,-0.1770892951725302,-0.4320897247141955,1.7542515077614245,False,False,False,True,0.8527565177099687,0.47640899033326517,False
2026-02-14,2026-02-27,baseline,0.820955858078249,12.39073782853803,1.8957019677367783,4.962848373041496,0.6449173190305907,-0.4138762308593122,-0.6816916918860773,False,False,False,True,0.7452874930300621,1.690043325480626,False
2026-02-28,2026-03-13,test,0.9011910776651052,18.519702637710463,0.9974533672363688,4.496175665484061,-0.6655378535295932,0.7891688862378201,-1.704550817648669,False,False,False,True,0.9211657488309266,-0.2961279520713935,False
2026-03-14,2026-03-27,test,0.9530382529968916,20.00953618273485,1.4945900376067824,8.280518262315294,-1.5123405350206565,1.081606031405751,-1.1384483157841252,False,False,False,True,0.8075284927569366,0.9871634533740392,False
2026-03-28,2026-04-10,test,0.9657660794321316,20.573380557271143,1.405861851546357,8.280518262315294,-1.720219893653845,1.1922821802675303,-1.239485417065115,False,False,False,True,0.7774483206558274,1.3268550973410425,False
2026-04-11,2026-04-24,test,0.838684442226087,17.96840556834143,1.1234299914003332,6.004253686925319,0.3553622468524299,0.6809556286936108,-1.561097947711449,False,False,False,True,0.7761778067870689,1.3412028525104855,False
2026-04-25,2026-05-08,test,0.7197363625548616,24.589990956974837,0.8340804868540358,2.414144944057977,2.298101695611826,1.9806964849823183,-1.8905877805875424,True,False,False,True,0.9483059669648944,-0.60261906138292,False
2026-05-09,2026-05-22,test,0.8246463983636899,16.862127690549,1.1542738997546818,4.070022356426103,0.584640951227267,0.4638060381071263,-1.5259751842394496,False,False,False,True,0.8604287577091078,0.3897673378368413,False
2026-05-23,2026-06-05,test,0.7736008567824296,21.411799208826555,1.5527586259637052,4.340025549338758,1.4183508151217084,1.356854093509286,-1.072210226016482,False,False,False,True,0.9555754994431322,-0.6847129879104566,False
2026-06-06,2026-06-19,test,0.8261116487331657,19.75031300897903,1.4371622898337353,6.157056418927548,0.5607095039692879,1.0307235115781543,-1.2038427910429006,False,False,False,True,0.9103228960968056,-0.17368096412979675,False
2026-06-20,2026-07-03,test,0.8221932856483417,29.22047496217296,2.129836207619538,8.311652538624045,0.6247068258301431,2.889607099693804,-0.4150769220059437,False,True,False,True,0.8862266174400717,0.09843531508827032,False
2026-07-04,2026-07-17,test,0.8363353150208306,26.5250444687638,1.776549535736265,5.604965092388346,0.3937297606821591,2.360525175660298,-0.8173736760947196,False,True,False,True,0.8876918678095476,0.08188842482589173,False
2026-07-18,2026-07-31,test,0.8246161480334813,24.294042350800552,1.9325953952496333,6.042047312174174,0.5851350198158207,1.922605186263025,-0.6396801830552686,False,False,False,True,0.8354088986581945,0.672313495626744,False
2026-08-01,2026-08-14,test,0.8102973432938364,26.25622634286796,2.5567524842513136,8.280518262315294,0.8189992982781527,2.3077592773699043,0.0710637847495461,False,True,False,True,0.8731433496248815,0.24618303201169353,False
2026-08-15,2026-08-28,test,0.7913710351343043,40.63736577493597,1.7967723664858803,3.2351151477450077,1.128116398634289,5.13061111462471,-0.7943454109023521,False,True,False,True,0.8418541096382497,0.5995285292984295,False
2026-08-29,2026-09-11,test,0.8770550954499723,47.26674395085799,1.6947753883270449,5.068805525527775,-0.271332878438793,6.43188160519719,-0.9104920320625208,False,True,False,True,0.8210995471467396,0.8339072233052028,False
2026-09-12,2026-09-25,test,0.8220259635093758,45.86339777738427,2.038552183349572,8.280518262315294,0.6274396427105692,6.156420933752665,-0.5190244229637546,False,True,False,True,0.7573356323584293,1.5539851858715905,False
