window_start,price_lag_1d,price_lag_2d,price_lag_7d,demand_forecast,wind_forecast,solar_forecast,gas_gen_lag,temp_forecast,hour,weekday,month,is_holiday,oil_change_30d
reference,14.292625865731386,2.011528899080345,5.603062362467398,10.129774757544626,24.470486726117098,11.182499438837093,0.7556135935230999,0.8586018047752025,0.4450286127953055,1.5460276558176531,1.473383090494518,0.10660329333105918,0.7670621886809528
2025-11-08,11.61192873408399,2.1213598188246876,4.306609568219049,12.041102628961024,13.57274616034037,11.304167588695707,0.33661056676046425,1.1396451865252561,0.32260111748076786,1.8674700787086091,2.3494701637975406,0.04213395498687674,0.639862808440124
2025-11-22,19.87427836302066,2.7716362321671957,6.878889941534006,17.130489153817383,20.093652659784897,12.717622347202854,0.3863957811721832,1.670007198072027,0.30978464759005947,2.1109954682403047,3.1416927185138093,0.03752024213305643,0.5970617671837856
2025-12-06,10.825019417225581,2.242304056100766,5.962115315158113,13.377190467513277,19.219576257656797,11.860367268220275,0.3937542683616798,0.8859809218018267,0.35581796175759206,1.6967512779051053,4.143743304570572,0.05064541910993243,0.6620758942867722
2025-12-20,9.024659515837163,1.6751135621716715,3.5598388189911567,10.818893497331597,20.935849471284065,11.904820193152146,0.25561887938704164,2.962371110453288,0.25139258475986803,1.5784008937216454,2.310483760307503,0.5299373753931917,0.40718970968060575
2026-01-03,13.855018212593764,2.2725285738237564,4.159093528786463,13.67789099135508,18.87825678124095,12.142761425150454,0.2622443577076887,4.035450164303136,0.19020059504552256,1.527295201403558,0.38709466521712343,0.044765777962953224,0.30721808841867315
2026-01-17,16.942424424302807,3.0330356191662555,4.592198472536032,15.717301353483673,12.657701446882776,11.664764394144354,0.17570345333909243,4.650574155282984,0.2340631620517193,1.655889368424766,0.38249224122986564,0.03447017267602076,0.7178672669569935
2026-01-31,11.90893027303621,2.853479471423971,5.4832864664914585,15.370679822578913,16.1938438693281,10.409376044513845,0.21547260679828856,3.429016660264245,0.23653513580359103,1.574641687519115,1.1812492868848947,0.03966538324231781,0.9820138785485834
2026-02-14,10.332804624964124,2.13180711995436,4.367883941095986,12.573936998561113,21.889467069080485,12.44030643344592,0.3055637513345853,2.7639077037053275,0.31266389011629614,1.2401951817855263,1.3366209049080797,0.051261701221552436,0.3814971857006273
2026-02-28,20.706764002008743,3.103143583178791,5.6660443748664155,9.638393678139977,19.188560301214515,16.95483474202025,0.5012476147334282,0.7692220331874764,0.7307126534241174,2.047058317574117,1.88901179348949,0.04402387176200752,1.444530185095503
2026-03-14,19.93170060802381,3.1091804405349484,8.337648269365083,9.918789155844127,20.965807111486267,15.918736851962494,0.48244309256340767,0.7724113607333019,0.7293530170463567,1.8492137669680495,1.6245447964201385,0.04154659289033899,1.9279838894763217
2026-03-28,18.130530762967084,3.0320162179453876,7.34562144086067,9.931311612443784,19.184690225195283,17.236946789939555,0.5857460345935706,0.7176887963262495,0.6827455105901044,1.5416550299294258,1.5455069210853682,0.3788315494967852,1.2480780312418747
2026-04-11,18.520609746275813,2.8686317808390354,6.886687022271999,9.07952448954525,13.006438859440818,18.326854902331124,0.3963684970424345,0.7142520973073281,0.7991522463769698,1.837584246956368,1.807639341638336,0.03840917093401329,1.5402108253565283
2026-04-25,19.660312224243203,2.909917692281302,4.724629987093003,11.197458130603684,10.97701770264469,22.797445736295256,0.47731073440911975,0.6506601735172776,0.827899925782144,1.6799848135680064,2.413476137204797,0.149623384258943,0.6252071830074898
2026-05-09,19.442696276480174,2.9900817074288266,6.341238133345872,10.783953358194363,12.646311401991515,18.00323748207485,0.43197886357835324,0.6775396221165254,0.8412918604967208,1.6227956593244788,1.7774095429570904,0.12031652929560768,1.2996967957649859
2026-05-23,23.954517412999447,3.077527874896438,7.858514256683888,12.221012643170168,15.014125579767654,24.406835871785535,0.5174904680291841,0.9712100691828291,0.9686759339323607,1.681758829836602,2.5390409381383714,0.08194720734765133,1.0848212771851262
2026-06-06,19.24788409727764,2.4673198143550663,6.883654021492366,10.077507946140223,15.437821808965571,18.56607308215724,0.5772171581408336,1.1433948400521463,0.7759213237270428,1.553174793769769,0.7612731736072742,0.035792361994583716,0.9596452868132511
2026-06-20,30.045741464875835,2.942083645492858,7.59567560093637,11.184026538341648,20.375034181937004,23.017961729914354,0.5175905610131942,2.8970043824145004,0.9548147248033511,1.9111954301370024,1.2943216472722874,0.023200289248593638,1.7679752821234795
2026-07-04,22.175621677996173,2.790343463425711,6.8211134847888575,10.168216262230388,15.779969390082526,21.217200345177737,0.6278875200157077,1.1812670980136093,0.7867620730196521,1.5862492020807824,0.9526166032176873,0.0309725782543761,1.1370303928226095
2026-07-18,25.906260684064126,3.539341873051453,9.47346683616573,10.301670582317104,14.06314008903238,22.13923623146518,0.6337500751249822,1.1999408470976585,0.9352925233208047,1.940989150122754,0.9681410438700592,0.03993033888186241,1.9283489569027916
2026-08-01,29.86973652017675,3.9784555110034514,11.173785005578992,11.244398406492516,14.08029350837121,23.945607853148427,0.8251413415361851,1.952602321727622,1.075678408791862,2.1287988957569492,1.1649731613955108,0.02992529668306114,2.766960572809205
2026-08-15,30.2406477780114,3.753139868989551,11.65511335446473,10.48434517967012,14.804580665018998,16.920617416073288,0.6674871074735156,0.70032160374611,0.8700532072894072,2.07158831618831,0.7573274682236052,0.03330862579908616,1.2669901668558905
2026-08-29,26.909671791191975,3.5760265765116257,10.501911097183562,10.997897515246606,22.295449540756913,17.506180396880545,0.6493004905566954,0.7093270706672983,0.7968032140581434,1.9644046583426942,2.123255972989627,0.036069872915528885,1.063896842111293
2026-09-12,37.025927574664856,4.119067898295698,17.95893815752929,10.82102259794278,29.729900093755024,16.682013087854394,0.7508973492671769,0.8176915403225234,0.9242469254742959,2.71918439677278,3.1047553685821576,0.030434034943427675,1.8402369843890434
