window_start,price_lag_1d,price_lag_2d,price_lag_7d,demand_forecast,wind_forecast,solar_forecast,gas_gen_lag,temp_forecast,hour,weekday,month,is_holiday
reference,13.896513893094543,2.113101471702132,5.6627555277794706,10.622017637662868,25.34054623148655,11.64235017651541,1.011576822317665,1.1453713426636294,0.4776161745656605,1.606532486253875,1.7764219864012876,0.12748532938226909
2025-11-08,11.271054769000127,2.2359628549931063,4.373001152630721,12.556801835057545,13.773951333980097,11.541875648864496,0.49354271090426444,1.4938876906588288,0.3511965409525774,1.8813894126641093,2.9986420543594297,0.04468272973749506
2025-11-22,19.46487303981457,2.9697305712883812,7.093690161209713,18.15662434201253,20.56377919457343,13.309835762955837,0.5888383534573348,1.9273733902035919,0.3297568325466888,2.211390404514139,3.554254565771918,0.03969136629073927
2025-12-06,10.532409166660845,2.262927469347101,6.057012227206331,13.721025931722966,19.25735891391788,12.18897398177469,0.5191725474346337,1.114959245262425,0.30472089979018396,1.8518978195486648,4.596974378171351,0.054840401145637936
2025-12-20,8.662710261204907,1.6817333538773067,3.5391609457815205,11.329842884630416,21.284061875858338,12.280758312119856,0.2620906985087381,3.4871538327286684,0.29109415903590885,1.6849352277130956,2.703915244679873,0.40996977757648745
2026-01-03,13.511176517798052,2.489937945455028,4.239359764375253,14.421715478291944,19.623554529224002,12.48289579730511,0.382574751314609,4.586431850399683,0.24874180229353934,1.716834812532628,0.5989798883596009,0.04205318851688842
2026-01-17,16.49879132352475,3.1404744657153407,4.684898229705442,16.663563788776923,13.258313598057057,12.064033674431473,0.37375156194167325,5.325790464200924,0.27054583584991515,1.8769277183040594,0.8917050767955976,0.04040938339425658
2026-01-31,11.312223878401163,2.6630172637460867,5.422996475023446,15.819016036587868,16.052167043874242,10.641658036861083,0.4012753096002787,4.372159176845121,0.2625672296743503,1.5094831539991804,1.7573268978248682,0.043721948412491704
2026-02-14,10.021108413863795,2.1641053219010793,4.451180602856691,12.980708654824738,22.158612799835197,12.68966769151728,0.4840733692185619,3.4215271945068353,0.3565944729849918,1.2039711923799106,1.8092370359568026,0.05057001834369624
2026-02-28,19.97713093929705,2.9325859938340435,5.241998784959092,9.664295467928124,18.64755658630339,17.439410760401138,0.6273857213213724,1.0217297689521352,0.725751793799512,1.8491308679342897,2.769724011879338,0.04298390172919181
2026-03-14,19.029799819912846,2.8476737084791814,7.88009015461988,9.954511317183753,20.26857957523919,16.34487548815871,0.6185552605848,1.0255574235716391,0.7464513873754542,1.5714093014886947,2.58078595673776,0.044267811981830045
2026-03-28,17.34865243949331,2.7718490132488447,7.0051171894810444,10.12807045099444,18.740872424891414,17.90557771166602,0.7426412055500031,0.9542756752706136,0.7871436318912635,1.4532664396277903,2.2167292933728038,0.42337603424653597
2026-04-11,17.819521694749525,2.692667120479613,6.6853339710339625,9.271989179701276,12.849324811382484,19.197495650081876,0.5435334674082613,0.9296267640815179,0.8469632692848637,1.7238977265693627,2.617911458091694,0.04282172034787809
2026-04-25,19.494341698497685,2.9521298348070317,4.803739321467141,11.48690668186642,11.279926997121905,24.13656756843376,0.5775877962852579,0.818003158009381,1.0154542382974978,1.792121203550808,2.9216363493426094,0.15987050254523827
2026-05-09,18.966429355873522,2.884485402258105,6.309725535809333,11.013219861185126,12.742805029287592,18.721228716996603,0.4546579304478022,0.869775946731667,0.9435405964020438,1.5546230220184327,2.192020322387551,0.17102671731478924
2026-05-23,23.761402995968464,3.207604437041317,7.988609742286009,12.71017636268803,15.436475610244036,25.83235381805951,0.7173985688293503,1.0406176319940295,1.1124199187440862,1.6498068775730617,2.8826677998739565,0.12198904331781722
2026-06-06,19.02320902833435,2.661616481372032,6.982966628973926,10.424290046777775,16.18369972413347,19.29586063269851,0.7786098920584019,1.373008587277715,0.8485810115821337,1.6192979902535058,0.7493226422371785,0.046699347514348004
2026-06-20,30.090677345582,3.285854951228519,7.52234321290566,11.770951022138382,21.717970604587606,24.29499230779077,0.7747888222517367,3.542850555336885,0.9329302019394179,1.8268967927041369,1.4470820288067392,0.030413605130703476
2026-07-04,21.850976397234742,3.061663761705119,6.9455399727587075,10.586218133654244,16.41214828477401,22.293076608171482,0.8214516160763717,1.4022443580538722,0.8505008001525916,1.587940714938122,1.1496441433495135,0.044016110775666376
2026-07-18,24.68158679874155,3.522046850671532,8.543964171532943,10.572406962605243,13.441371685109065,23.162803267348412,0.7529506651399037,1.4089138154029768,0.9093804506113362,1.6803691812773467,1.202107292125129,0.04570111388252438
2026-08-01,28.410832682490547,3.725149888243317,9.45543969978991,11.18943614131446,13.2557242635328,24.928917199605664,0.9518140851912777,2.110310094022568,0.8855295484487643,1.6047762269761956,1.5489447472513993,0.037446758177740375
2026-08-15,29.16192327117215,4.0126537268678515,11.494073486797717,10.608171589821119,14.664352490875796,17.532367108573016,0.8031950421966061,0.8372292644863616,0.7933816532860833,1.7987782074349496,0.8913670371182774,0.04702953827116877
2026-08-29,25.9093391810573,3.6094343236632147,10.496289463398702,11.384361997512151,22.074196285354468,18.263129865896396,0.7717126237642107,0.8122194366204821,0.8233671457124304,1.81559119428633,2.650375291309422,0.04969063972883253
2026-09-12,35.53790149211634,3.7840505010873007,18.178945553871827,10.939499752360868,29.833402272723543,17.34916106793912,0.9293261899345298,0.8209332889423264,0.7762493557312984,2.3398289520640008,4.346904871783302,0.039229816173230576
