window_start,price_lag_1d,price_lag_2d,price_lag_7d,demand_forecast,wind_forecast,solar_forecast,gas_gen_lag,temp_forecast
2025-11-08,1.1109925756936154,1.1467085504124896,0.8145887381563437,0.5800680707469634,0.309065802051255,0.8943180247871567,3.207299710400733,2.7970905850846006
2025-11-22,1.6941769900313288,1.691989655690811,1.6409220912849596,1.945018209869159,0.327697228888705,1.02930701065438,4.270536455970205,5.357856762687069
2025-12-06,0.9689729840307776,0.9868149874743666,0.9352442952730359,1.18320245120398,0.9175027997094672,1.568258402419084,2.6985587561816855,4.041754655593775
2025-12-20,1.0700495962253473,1.4703306632771131,0.8467885829878822,0.179534419952198,1.0388031009906769,1.531767539170719,3.048592765079291,6.2066805316783125
2026-01-03,0.6861437338667498,0.31901591620817704,0.4243672688172554,1.2538133947191668,1.8727646801809892,1.689417164008542,3.6358617025860096,6.2718534813394715
2026-01-17,3.0773649477106018,2.9246659521029637,2.4228905277451953,2.0108086514680124,1.7510802385284714,0.8537257276001016,6.251318821845007,7.528148358268707
2026-01-31,3.3779707397012286,3.4144516377916174,3.391647333504972,2.0860316240937893,1.7264893508652193,1.5782510945174582,7.207273270862884,6.158058428005779
2026-02-14,0.5337819341224672,0.5743142063437563,1.552508829523635,1.8511927081465962,0.6508025103065861,0.2236734807605482,3.631827970828176,3.0803676965577442
2026-02-28,0.24978628132821667,0.26502960277583665,0.09371604485691566,0.2755915821301432,0.20140850234665814,0.09394263858777806,0.8741332276654825,2.4272967599522275
2026-03-14,0.5596195124997765,0.4928314663609077,0.5107746007189027,0.2224415225801174,0.19623201562893045,0.0503627924973927,0.4174616452351797,2.721068520624541
2026-03-28,0.3812284931240569,0.39044179489188346,0.3549554718478758,0.11313165173123022,0.2838494771218082,0.043028802371585344,0.17390262473442059,2.631700085779058
2026-04-11,0.4203514098002987,0.4191605018000352,0.4564403701387577,0.113851911313858,0.24881420033022325,0.07771936855506326,0.4182505516354781,1.9520279221039667
2026-04-25,0.614181998168104,0.5713941426694279,0.5266841213292506,0.15333057393722926,0.31493573839517197,0.17707676579920245,1.7458613623174335,0.9891147350125247
2026-05-09,0.6261552667588075,0.6754232264144966,0.6956515525075566,0.38251053632342047,0.7708447857744487,0.13696788289312795,1.754487538766785,1.2764019519273901
2026-05-23,0.8632440944623163,1.0517958573634332,0.9746197822820861,0.9025584861071879,0.39783880792954307,0.2888951440324953,1.916006871082239,3.239843041075287
2026-06-06,0.26946129916670536,0.2206907526751916,0.39965393362051393,0.7343875604907145,0.1838222647185397,0.25204083352082696,1.7373859993751886,2.97996154600839
2026-06-20,0.8796305209556521,0.9278656020653562,0.5195963012925391,0.8176101858139639,0.8949724425636433,0.4045504377993713,1.1061369667161756,5.306510872745094
2026-07-04,0.6612310982431667,0.6113562651894209,0.6533210252259263,0.9070689931173644,0.05906823504982676,0.3084227457985963,3.090569806459611,4.092942560154128
2026-07-18,1.311503670760359,1.3436457954961414,1.2821575614601857,0.9590320459600222,0.24002337874481766,0.28958028204554515,2.457016637544524,3.46835187306093
2026-08-01,1.7206211218928387,1.66403531116402,1.5238525546573625,1.7155923630807022,0.9322728918829184,0.3795454681840379,2.529032931557696,4.265301453526951
2026-08-15,2.152910366523515,2.1722391316482215,2.329626301811018,1.641137843976033,0.3836022771186158,0.08181922125778068,1.6967993992436963,3.2351151477450073
2026-08-29,1.357328150874562,1.3538007935524685,1.389373812482545,1.005409078457447,0.4798052421895253,0.10361397316619163,1.7072903422417343,2.787551576451153
2026-09-12,1.773950142471166,1.8456843604077153,1.9891408179432668,0.8095869068514346,0.17872036498977115,0.06763309862347817,0.8439881851925122,2.557747511351512
